<?xml version="1.0" encoding="UTF-8" standalone="no"?>
<Configuration>
  <DisplayManager>
    <SystemInitScript dnOrder="0"/>
    <SystemStartScript dnOrder="1"/>
  </DisplayManager>
  <General>
    <HarmonyPath dnOrder="0" path="../../../../.."/>
    <Processor dnOrder="1" name="PIC32MX795F512L"/>
    <Board dnOrder="2" name=" "/>
    <ForceOptimization dnOrder="3" flag="false"/>
    <MergeStrategy dnOrder="4" flag="USER_ALL"/>
  </General>
  <Manifest>
    <Files dnOrder="0">
      <File dnOrder="0">
        <Name dnOrder="0">Mc32DriverAdcAlt.c</Name>
        <Path dnOrder="1">Source&amp;#160;Files/bsp/pic32mx_skes</Path>
      </File>
      <File dnOrder="1">
        <Name dnOrder="0">drv_tmr_mapping.h</Name>
        <Path dnOrder="1">Header&amp;#160;Files/framework/driver/tmr</Path>
      </File>
      <File dnOrder="2">
        <Name dnOrder="0">drv_tmr_variant_mapping.h</Name>
        <Path dnOrder="1">Header&amp;#160;Files/framework/driver/tmr/src</Path>
      </File>
      <File dnOrder="3">
        <Name dnOrder="0">Mc32DriverAdc.c</Name>
        <Path dnOrder="1">Source&amp;#160;Files/bsp/pic32mx_skes</Path>
      </File>
      <File dnOrder="4">
        <Name dnOrder="0">driver_common.h</Name>
        <Path dnOrder="1">Header&amp;#160;Files/framework/driver</Path>
      </File>
      <File dnOrder="5">
        <Name dnOrder="0">drv_tmr.h</Name>
        <Path dnOrder="1">Header&amp;#160;Files/framework/driver/tmr</Path>
      </File>
      <File dnOrder="6">
        <Name dnOrder="0">osal.h</Name>
        <Path dnOrder="1">Header&amp;#160;Files/framework/osal</Path>
      </File>
      <File dnOrder="7">
        <Name dnOrder="0">Mc32CoreTimer.h</Name>
        <Path dnOrder="1">Header&amp;#160;Files/bsp/pic32mx_skes</Path>
      </File>
      <File dnOrder="8">
        <Name dnOrder="0">tmr_definitions_pic32m.h</Name>
        <Path dnOrder="1">Header&amp;#160;Files/framework/driver/tmr</Path>
      </File>
      <File dnOrder="9">
        <Name dnOrder="0">bsp.h</Name>
        <Path dnOrder="1">Header&amp;#160;Files/bsp/pic32mx_skes</Path>
      </File>
      <File dnOrder="10">
        <Name dnOrder="0">sys_ports.h</Name>
        <Path dnOrder="1">Header&amp;#160;Files/framework/system/ports</Path>
      </File>
      <File dnOrder="11">
        <Name dnOrder="0">Mc32Delays.h</Name>
        <Path dnOrder="1">Header&amp;#160;Files/bsp/pic32mx_skes</Path>
      </File>
      <File dnOrder="12">
        <Name dnOrder="0">Mc32DriverAdcAlt.h</Name>
        <Path dnOrder="1">Header&amp;#160;Files/bsp/pic32mx_skes</Path>
      </File>
      <File dnOrder="13">
        <Name dnOrder="0">driver.h</Name>
        <Path dnOrder="1">Header&amp;#160;Files/framework/driver</Path>
      </File>
      <File dnOrder="14">
        <Name dnOrder="0">sys_common.h</Name>
        <Path dnOrder="1">Header&amp;#160;Files/framework/system/common</Path>
      </File>
      <File dnOrder="15">
        <Name dnOrder="0">sys_buffer.h</Name>
        <Path dnOrder="1">Header&amp;#160;Files/framework/system/common</Path>
      </File>
      <File dnOrder="16">
        <Name dnOrder="0">sys_int_pic32.c</Name>
        <Path dnOrder="1">Source&amp;#160;Files/framework/system/int/src</Path>
      </File>
      <File dnOrder="17">
        <Name dnOrder="0">Mc32DriverLcd.h</Name>
        <Path dnOrder="1">Header&amp;#160;Files/bsp/pic32mx_skes</Path>
      </File>
      <File dnOrder="18">
        <Name dnOrder="0">sys_clk_compatibility.h</Name>
        <Path dnOrder="1">Header&amp;#160;Files/framework/system/clk</Path>
      </File>
      <File dnOrder="19">
        <Name dnOrder="0">sys_clk.h</Name>
        <Path dnOrder="1">Header&amp;#160;Files/framework/system/clk</Path>
      </File>
      <File dnOrder="20">
        <Name dnOrder="0">sys_ports_definitions.h</Name>
        <Path dnOrder="1">Header&amp;#160;Files/framework/system/ports</Path>
      </File>
      <File dnOrder="21">
        <Name dnOrder="0">osal_impl_basic.h</Name>
        <Path dnOrder="1">Header&amp;#160;Files/framework/osal</Path>
      </File>
      <File dnOrder="22">
        <Name dnOrder="0">Mc32DriverAdc.h</Name>
        <Path dnOrder="1">Header&amp;#160;Files/bsp/pic32mx_skes</Path>
      </File>
      <File dnOrder="23">
        <Name dnOrder="0">sys_clk_mapping.h</Name>
        <Path dnOrder="1">Header&amp;#160;Files/framework/system/clk</Path>
      </File>
      <File dnOrder="24">
        <Name dnOrder="0">Mc32Delays.c</Name>
        <Path dnOrder="1">Source&amp;#160;Files/bsp/pic32mx_skes</Path>
      </File>
      <File dnOrder="25">
        <Name dnOrder="0">osal_definitions.h</Name>
        <Path dnOrder="1">Header&amp;#160;Files/framework/osal</Path>
      </File>
      <File dnOrder="26">
        <Name dnOrder="0">sys_int_mapping.h</Name>
        <Path dnOrder="1">Header&amp;#160;Files/framework/system/int</Path>
      </File>
      <File dnOrder="27">
        <Name dnOrder="0">Mc32CoreTimer.c</Name>
        <Path dnOrder="1">Source&amp;#160;Files/bsp/pic32mx_skes</Path>
      </File>
      <File dnOrder="28">
        <Name dnOrder="0">Mc32DriverLcd.c</Name>
        <Path dnOrder="1">Source&amp;#160;Files/bsp/pic32mx_skes</Path>
      </File>
      <File dnOrder="29">
        <Name dnOrder="0">sys_int_private.h</Name>
        <Path dnOrder="1">Header&amp;#160;Files/framework/system/int/src</Path>
      </File>
      <File dnOrder="30">
        <Name dnOrder="0">drv_tmr_compatibility.h</Name>
        <Path dnOrder="1">Header&amp;#160;Files/framework/driver/tmr</Path>
      </File>
      <File dnOrder="31">
        <Name dnOrder="0">system.h</Name>
        <Path dnOrder="1">Header&amp;#160;Files/framework/system</Path>
      </File>
      <File dnOrder="32">
        <Name dnOrder="0">sys_debug.h</Name>
        <Path dnOrder="1">Header&amp;#160;Files/framework/system/debug</Path>
      </File>
      <File dnOrder="33">
        <Name dnOrder="0">sys_module.h</Name>
        <Path dnOrder="1">Header&amp;#160;Files/framework/system/common</Path>
      </File>
      <File dnOrder="34">
        <Name dnOrder="0">drv_oc.h</Name>
        <Path dnOrder="1">Header&amp;#160;Files/framework/driver/oc</Path>
      </File>
      <File dnOrder="35">
        <Name dnOrder="0">bsp.c</Name>
        <Path dnOrder="1">Source&amp;#160;Files/bsp/pic32mx_skes</Path>
      </File>
      <File dnOrder="36">
        <Name dnOrder="0">sys_queue.h</Name>
        <Path dnOrder="1">Header&amp;#160;Files/framework/system/common</Path>
      </File>
      <File dnOrder="37">
        <Name dnOrder="0">sys_int.h</Name>
        <Path dnOrder="1">Header&amp;#160;Files/framework/system/int</Path>
      </File>
    </Files>
    <Templates dnOrder="1">
      <Template dnOrder="0">
        <Name dnOrder="0">drv_oc_static.c</Name>
        <Path dnOrder="1">Source&amp;#160;Files/app/system_config/default/framework/driver/oc/src</Path>
        <Checksum dnOrder="2">DFB01683FEDD340DB6881A4AEA68FD91</Checksum>
      </Template>
      <Template dnOrder="1">
        <Name dnOrder="0">sys_ports_static.c</Name>
        <Path dnOrder="1">Source&amp;#160;Files/app/system_config/default/framework/system/ports/src</Path>
        <Checksum dnOrder="2">BC814B1E833F48A33953D65B71BC498D</Checksum>
      </Template>
      <Template dnOrder="2">
        <Name dnOrder="0">system_init.c</Name>
        <Path dnOrder="1">Source&amp;#160;Files/app/system_config/default</Path>
        <Checksum dnOrder="2">7396FF18068A0D4BD43669255539A398</Checksum>
      </Template>
      <Template dnOrder="3">
        <Name dnOrder="0">drv_oc_static.h</Name>
        <Path dnOrder="1">Header&amp;#160;Files/app/system_config/default/framework/driver/oc</Path>
        <Checksum dnOrder="2">0496F2F0681A9421EFECF50A8979E68E</Checksum>
      </Template>
      <Template dnOrder="4">
        <Name dnOrder="0">main.c</Name>
        <Path dnOrder="1">Source&amp;#160;Files/app</Path>
      </Template>
      <Template dnOrder="5">
        <Name dnOrder="0">drv_tmr_static.h</Name>
        <Path dnOrder="1">Header&amp;#160;Files/app/system_config/default/framework/driver/tmr</Path>
        <Checksum dnOrder="2">8C64664AEDE504C4C1A03C4B9C0CC418</Checksum>
      </Template>
      <Template dnOrder="6">
        <Name dnOrder="0">drv_tmr_mapping.c</Name>
        <Path dnOrder="1">Source&amp;#160;Files/app/system_config/default/framework/driver/tmr/src</Path>
        <Checksum dnOrder="2">65C24AB9CFA0216FAE6039B27780D5B6</Checksum>
      </Template>
      <Template dnOrder="7">
        <Name dnOrder="0">system_definitions.h</Name>
        <Path dnOrder="1">Header&amp;#160;Files/app/system_config/default</Path>
        <Checksum dnOrder="2">EB1FB167705B43EAA642E881FBC3E0CE</Checksum>
      </Template>
      <Template dnOrder="8">
        <Name dnOrder="0">system_exceptions.c</Name>
        <Path dnOrder="1">Source&amp;#160;Files/app/system_config/default</Path>
        <Checksum dnOrder="2">A8BF1AE6018CC1DB37C1C14696195A5F</Checksum>
      </Template>
      <Template dnOrder="9">
        <Name dnOrder="0">drv_adc_static.h</Name>
        <Path dnOrder="1">Header&amp;#160;Files/app/system_config/default/framework/driver/adc</Path>
        <Checksum dnOrder="2">2078F4F8C62A2637051E72C3BEB6FEDB</Checksum>
        <ProjectFileChecksum dnOrder="3">EC1CCD8A3A5CBD02D6C4A47706374AFE</ProjectFileChecksum>
      </Template>
      <Template dnOrder="10">
        <Name dnOrder="0">sys_devcon.c</Name>
        <Path dnOrder="1">Source&amp;#160;Files/app/system_config/default/framework/system/devcon/src</Path>
        <Checksum dnOrder="2">54ADBD4A35BCA03C42C74182FCE41849</Checksum>
      </Template>
      <Template dnOrder="11">
        <Name dnOrder="0">drv_adc_static.c</Name>
        <Path dnOrder="1">Source&amp;#160;Files/app/system_config/default/framework/driver/adc/src</Path>
        <Checksum dnOrder="2">BCD19A7DF8AFEABFEFEDEE70CDCFDA39</Checksum>
        <ProjectFileChecksum dnOrder="3">E5DCAB177713DD7E3F646F60608710B3</ProjectFileChecksum>
      </Template>
      <Template dnOrder="12">
        <Name dnOrder="0">app.c</Name>
        <Path dnOrder="1">Source&amp;#160;Files/app</Path>
      </Template>
      <Template dnOrder="13">
        <Name dnOrder="0">sys_devcon_local.h</Name>
        <Path dnOrder="1">Header&amp;#160;Files/app/system_config/default/framework/system/devcon/src</Path>
        <Checksum dnOrder="2">B66F9B4DBD85DA7F9DE775E864E01395</Checksum>
      </Template>
      <Template dnOrder="14">
        <Name dnOrder="0">sys_devcon.h</Name>
        <Path dnOrder="1">Header&amp;#160;Files/app/system_config/default/framework/system/devcon</Path>
        <Checksum dnOrder="2">07580DCDEF89D9C79B062544109C5367</Checksum>
      </Template>
      <Template dnOrder="15">
        <Name dnOrder="0">system_tasks.c</Name>
        <Path dnOrder="1">Source&amp;#160;Files/app/system_config/default</Path>
        <Checksum dnOrder="2">C2FDF6218CDD9CE0E51AFAC4ACBB5F79</Checksum>
      </Template>
      <Template dnOrder="16">
        <Name dnOrder="0">sys_devcon_pic32mx.c</Name>
        <Path dnOrder="1">Source&amp;#160;Files/app/system_config/default/framework/system/devcon/src</Path>
        <Checksum dnOrder="2">5141464248E33ABE9E7D144A2D4DC129</Checksum>
      </Template>
      <Template dnOrder="17">
        <Name dnOrder="0">system_config.h</Name>
        <Path dnOrder="1">Header&amp;#160;Files/app/system_config/default</Path>
        <Checksum dnOrder="2">2AD1DA0B3663A4AA29D989B5D9C1DF1D</Checksum>
      </Template>
      <Template dnOrder="18">
        <Name dnOrder="0">app.h</Name>
        <Path dnOrder="1">Header&amp;#160;Files/app</Path>
      </Template>
      <Template dnOrder="19">
        <Name dnOrder="0">drv_tmr_static.c</Name>
        <Path dnOrder="1">Source&amp;#160;Files/app/system_config/default/framework/driver/tmr/src</Path>
        <Checksum dnOrder="2">04450F364F20923D150A428E12996FC4</Checksum>
      </Template>
      <Template dnOrder="20">
        <Name dnOrder="0">system_interrupt.c</Name>
        <Path dnOrder="1">Source&amp;#160;Files/app/system_config/default</Path>
        <Checksum dnOrder="2">AFB335AF6DBCF489724E9812468AE10A</Checksum>
        <ProjectFileChecksum dnOrder="3">026F17C95828E5E7DF915F9E031E11BD</ProjectFileChecksum>
      </Template>
      <Template dnOrder="21">
        <Name dnOrder="0">drv_oc_mapping.c</Name>
        <Path dnOrder="1">Source&amp;#160;Files/app/system_config/default/framework/driver/oc/src</Path>
        <Checksum dnOrder="2">5FF5CD3AD70FFFBABCA9FEE23345B070</Checksum>
      </Template>
      <Template dnOrder="22">
        <Name dnOrder="0">sys_clk_pic32mx.c</Name>
        <Path dnOrder="1">Source&amp;#160;Files/app/system_config/default/framework/system/clk/src</Path>
        <Checksum dnOrder="2">FDF6C8068CFFAEEC5F8537A8D6514230</Checksum>
      </Template>
    </Templates>
    <CompilerItems dnOrder="2">
      <C32 dnOrder="0">
        <Include dnOrder="0" value="C:\microchip\harmony\v2_06\apps\MINF\TP\TP1_TimerPWM_ACL_MSI\TP1_TimerPWM\firmware\src"/>
        <Include dnOrder="1" value="C:\microchip\harmony\v2_06\apps\MINF\TP\TP1_TimerPWM_ACL_MSI\TP1_TimerPWM\firmware\src\system_config\default"/>
        <Include dnOrder="2" value="C:\microchip\harmony\v2_06\apps\MINF\TP\TP1_TimerPWM_ACL_MSI\TP1_TimerPWM\firmware\src\default"/>
        <Include dnOrder="3" value="C:\microchip\harmony\v2_06\framework"/>
        <Include dnOrder="4" value="C:\microchip\harmony\v2_06\apps\MINF\TP\TP1_TimerPWM_ACL_MSI\TP1_TimerPWM\firmware\src\system_config\default\framework"/>
        <Include dnOrder="5" value="../../../../../../../bsp/pic32mx_skes"/>
      </C32>
    </CompilerItems>
    <Libraries dnOrder="3">
      <Library dnOrder="0" value="../../../../../../../bin/framework/peripheral/PIC32MX795F512L_peripherals.a"/>
    </Libraries>
  </Manifest>
</Configuration>
