<?xml version="1.0" encoding="UTF-8"?>
<project-private xmlns="http://www.netbeans.org/ns/project-private/1">
    <editor-bookmarks xmlns="http://www.netbeans.org/ns/editor-bookmarks/2" lastBookmarkId="0"/>
    <open-files xmlns="http://www.netbeans.org/ns/projectui-open-files/2">
        <group>
            <file>file:/C:/microchip/harmony/v2_06/apps/MINF/TP/TP1_TimerPWM_ACL_MSI/TP1_TimerPWM/firmware/TP1_TimerPWMb.X/nbproject/Makefile-impl.mk</file>
            <file>file:/C:/microchip/harmony/v2_06/apps/MINF/TP/TP1_TimerPWM_ACL_MSI/TP1_TimerPWM/firmware/TP1_TimerPWMb.X/nbproject/Makefile-default.mk</file>
        </group>
    </open-files>
</project-private>
