<?xml version="1.0" encoding="UTF-8"?>
<project-private xmlns="http://www.netbeans.org/ns/project-private/1">
    <editor-bookmarks xmlns="http://www.netbeans.org/ns/editor-bookmarks/2" lastBookmarkId="0"/>
    <open-files xmlns="http://www.netbeans.org/ns/projectui-open-files/2">
        <group>
            <file>file:/C:/microchip/harmony/v2_06/apps/MINF/Exercices/blink/firmware/src/system_config/default/system_init.c</file>
            <file>file:/C:/microchip/harmony/v2_06/bsp/pic32mx_skes/Mc32DriverLcd.c</file>
            <file>file:/C:/microchip/harmony/v2_06/apps/MINF/Exercices/blink/firmware/src/system_config/default/system_tasks.c</file>
            <file>file:/C:/microchip/harmony/v2_06/apps/MINF/TP/TP0_LedAd/firmware/src/system_config/default/framework/driver/tmr/drv_tmr_static.h</file>
            <file>file:/C:/microchip/harmony/v2_06/bsp/pic32mx_skes/Mc32DriverAdc.h</file>
            <file>file:/C:/microchip/harmony/v2_06/apps/MINF/TP/TP0_LedAd/firmware/src/system_config/default/system_config.h</file>
            <file>file:/C:/microchip/harmony/v2_06/apps/MINF/TP/TP0_LedAd/firmware/src/system_config/default/system_exceptions.c</file>
            <file>file:/C:/microchip/harmony/v2_06/apps/MINF/Exercices/blink/firmware/src/main.c</file>
            <file>file:/C:/microchip/harmony/v2_06/bsp/pic32mx_skes/Mc32CoreTimer.h</file>
            <file>file:/C:/microchip/harmony/v2_06/bsp/pic32mx_skes/bsp.h</file>
            <file>file:/C:/microchip/harmony/v2_06/bsp/pic32mx_skes/Mc32DriverLcd.h</file>
            <file>file:/C:/microchip/harmony/v2_06/apps/MINF/Exercices/blink/firmware/src/system_config/default/framework/system/devcon/src/sys_devcon.c</file>
            <file>file:/C:/microchip/harmony/v2_06/apps/MINF/Exercices/blink/firmware/src/system_config/default/framework/driver/tmr/src/drv_tmr_static.c</file>
            <file>file:/C:/microchip/harmony/v2_06/apps/MINF/Exercices/blink/firmware/src/system_config/default/framework/system/clk/src/sys_clk_pic32mx.c</file>
            <file>file:/C:/microchip/harmony/v2_06/apps/MINF/TP/TP0_LedAd/firmware/src/system_config/default/system_interrupt.c</file>
            <file>file:/C:/microchip/harmony/v2_06/bsp/pic32mx_skes/Mc32DriverAdc.c</file>
            <file>file:/C:/microchip/harmony/v2_06/apps/MINF/TP/TP0_LedAd/firmware/src/main.c</file>
            <file>file:/C:/microchip/harmony/v2_06/bsp/pic32mx_skes/Mc32DriverAdcAlt.c</file>
            <file>file:/C:/microchip/harmony/v2_06/apps/MINF/TP/TP0_LedAd/firmware/src/app.h</file>
            <file>file:/C:/microchip/harmony/v2_06/bsp/pic32mx_skes/Mc32Delays.h</file>
            <file>file:/C:/microchip/harmony/v2_06/apps/MINF/TP/TP0_LedAd/firmware/src/app.c</file>
            <file>file:/C:/microchip/harmony/v2_06/apps/MINF/TP/TP0_LedAd/firmware/src/system_config/default/framework/driver/tmr/src/drv_tmr_static.c</file>
            <file>file:/C:/microchip/harmony/v2_06/bsp/pic32mx_skes/Mc32DriverAdcAlt.h</file>
            <file>file:/C:/microchip/harmony/v2_06/bsp/pic32mx_skes/Mc32Delays.c</file>
            <file>file:/C:/microchip/harmony/v2_06/apps/MINF/TP/TP0_LedAd/firmware/src/system_config/default/system_tasks.c</file>
        </group>
    </open-files>
</project-private>
